{"cameraMode":{"drawMode":0,"name":"Shaded","section":"Shading Mode"},"sceneLighting":true,"audioPlay":false,"sceneViewState":{"m_AlwaysRefresh":false,"showFog":true,"showSkybox":true,"showFlares":true,"showImageEffects":true,"showParticleSystems":true,"showVisualEffectGraphs":true,"m_FxEnabled":true},"in2DMode":false,"pivot":{"x":-6.090725898742676,"y":11.025070190429688,"z":-27.06321907043457},"rotation":{"x":-0.01620444841682911,"y":0.023691777139902116,"z":-0.00038417609175667167,"w":-0.9995913505554199},"size":12.12435531616211,"orthographic":false}